,DEWP,Ir,Is,Iws,PRES,TEMP,Label
count,35746.0,35746.0,35746.0,35746.0,35746.0,35746.0,35746.0
mean,1.7794998041738936,0.20346332456778382,0.05748894981256644,23.71718262183181,1016.4276142785207,12.413640687069966,98.80509707379846
std,14.336290362517556,1.4856728113375768,0.7907151115884707,48.84751140374339,10.253853739243095,12.165962128946502,92.00676401623683
min,-40.0,0.0,0.0,0.45,992.0,-19.0,0.0
25%,-10.0,0.0,0.0,1.79,1008.0,2.0,29.0
50%,2.0,0.0,0.0,5.37,1016.0,14.0,73.0
75%,15.0,0.0,0.0,21.92,1025.0,23.0,137.0
max,28.0,36.0,27.0,565.49,1046.0,41.0,994.0
